Dick McCombie	<A HREF="mailto://mccombie@cshl.org">Dick McCombie</A>
Rob Martienssen	<A HREF="mailto://martiens@cshl.org">Rob Martienssen</A>
Rick Wilson	<A HREF="mailto://rwilson@watson.wustl.edu">Rick Wilson</A>
Mike Bevan	<A HREF="mailto://bevan@bbsrc.ac.uk">Mike Bevan</A>
Christine Schueller	<A HREF="mailto://schuelle@muntjac.mips.biochem.mpg.de">Christine Schueller</A>
Klaus Mayer	<A HREF="mailto://mayer@muntjac.mips.biochem.mpg.de">Klaus Mayer</A>
Marcel Salanoubat	<A HREF="mailto://salanou@genoscope.cns.fr">Marcel Salanoubat</A>
Francis Quetier	<A HREF="mailto://quetier@genoscope.cns.fr">Francis Quetier</A>
Satoshi Tabata	<A HREF="mailto://tabata@kazusa.or.jp">Satoshi Tabata</A>
Kiyotaka Okada	<A HREF="mailto://kiyo@ok-lab.bot.kyoto-u.ac.jp">Kiyotaka Okada</A>
Sakis Theologis	<A HREF="mailto://theo@nature.berkeley.edu">Sakis Theologis</A>
Nancy Federspiel	<A HREF="mailto://nfeder@sequence.stanford.edu">Nancy Federspiel</A>
Samir Kaul	<A HREF="mailto://skaul@tigr.org">Samir Kaul</A>
Owen White	<A HREF="mailto://owhite@tigr.org">Owen White</A>
